unit_id,hashTag
1,mux
2,qux
3,qux
4,lux
5,foo
6,mux
7,lux
8,qux
9,qux
10,baz
11,qux
12,lux
13,mux
14,foo
15,baz
16,foo
17,lux
18,baz
19,qux
20,lux
21,baz
22,lux
23,qux
24,lux
25,qux
26,mux
27,duc
28,mux
29,baz
30,mux
31,baz
32,mux
33,mux
34,foo
35,baz
36,foo
37,lux
38,baz
39,mux
40,lux
41,baz
42,foo
43,bar
44,mux
45,bar
46,qux
47,mux
48,foo
49,duc
50,mux
51,foo
52,bar
53,bar
54,foo
55,baz
56,bar
57,qux
58,mux
59,baz
60,qux
61,lux
62,duc
63,baz
64,baz
65,mux
66,baz
67,mux
68,lux
69,baz
70,lux
71,baz
72,mux
73,foo
74,duc
75,duc
76,mux
77,lux
78,duc
79,lux
80,lux
81,qux
82,mux
83,lux
84,qux
85,lux
86,baz
87,baz
88,baz
89,qux
90,bar
91,lux
92,mux
93,foo
94,bar
95,baz
96,lux
97,mux
98,qux
99,bar
100,baz
101,baz
102,qux
103,bar
104,baz
105,qux
106,lux
107,mux
108,mux
109,baz
110,foo
111,bar
112,bar
113,mux
114,foo
115,qux
116,foo
117,lux
118,duc
119,duc
120,foo
121,qux
122,mux
123,foo
124,duc
125,lux
126,qux
127,bar
128,baz
129,baz
130,mux
131,baz
132,bar
133,baz
134,mux
135,lux
136,qux
137,lux
138,baz
139,qux
140,qux
141,bar
142,lux
143,bar
144,duc
145,foo
146,foo
147,baz
148,baz
149,qux
150,duc
151,foo
152,baz
153,bar
154,foo
155,bar
156,baz
157,mux
158,lux
159,duc
160,lux
161,lux
162,foo
163,mux
164,mux
165,lux
166,foo
167,lux
168,baz
169,mux
170,baz
171,mux
172,baz
173,lux
174,bar
175,bar
176,baz
177,baz
178,lux
179,duc
180,bar
181,lux
182,bar
183,baz
184,baz
185,duc
186,bar
187,foo
188,qux
189,bar
190,foo
191,lux
192,bar
193,duc
194,duc
195,duc
196,lux
197,bar
198,mux
199,qux
200,mux
201,duc
202,qux
203,duc
204,qux
205,baz
206,lux
207,baz
208,mux
209,baz
210,baz
211,baz
212,baz
213,baz
214,baz
215,mux
216,lux
217,qux
218,duc
219,lux
220,baz
221,mux
222,qux
223,duc
224,foo
225,mux
226,bar
227,lux
228,bar
229,duc
230,mux
231,duc
232,duc
233,lux
234,duc
235,bar
236,lux
237,qux
238,qux
239,foo
240,mux
241,qux
242,baz
243,mux
244,qux
245,duc
246,duc
247,mux
248,lux
249,qux
250,mux
251,lux
252,qux
253,foo
254,foo
255,bar
256,mux
257,baz
258,lux
259,baz
260,mux
261,mux
262,lux
263,foo
264,baz
265,baz
266,bar
267,qux
268,lux
269,duc
270,mux
271,foo
272,baz
273,foo
274,foo
275,foo
276,baz
277,duc
278,qux
279,baz
280,foo
281,foo
282,baz
283,duc
284,baz
285,foo
286,baz
287,baz
288,baz
289,baz
290,bar
291,qux
292,duc
293,baz
294,lux
295,baz
296,foo
297,duc
298,bar
299,baz
300,qux
301,qux
302,qux
303,bar
304,foo
305,duc
306,mux
307,duc
308,bar
309,duc
310,lux
311,bar
312,mux
313,bar
314,baz
315,duc
316,qux
317,qux
318,duc
319,lux
320,duc
321,foo
322,qux
323,mux
324,baz
325,duc
326,foo
327,duc
328,qux
329,bar
330,qux
331,foo
332,qux
333,mux
334,lux
335,mux
336,baz
337,mux
338,qux
339,mux
340,bar
341,foo
342,baz
343,qux
344,duc
345,qux
346,lux
347,lux
348,bar
349,lux
350,baz
351,bar
352,baz
353,baz
354,duc
355,baz
356,baz
357,baz
358,qux
359,lux
360,duc
361,mux
362,baz
363,baz
364,lux
365,qux
366,bar
367,baz
368,duc
369,baz
370,duc
371,duc
372,bar
373,duc
374,duc
375,duc
376,mux
377,mux
378,baz
379,baz
380,baz
381,mux
382,qux
383,mux
384,bar
385,duc
386,bar
387,lux
388,foo
389,mux
390,lux
391,duc
392,qux
393,qux
394,foo
395,baz
396,duc
397,qux
398,lux
399,duc
400,foo
401,foo
402,baz
403,baz
404,lux
405,foo
406,mux
407,baz
408,duc
409,duc
410,qux
411,duc
412,baz
413,duc
414,baz
415,mux
416,duc
417,foo
418,mux
419,baz
420,foo
421,qux
422,qux
423,foo
424,qux
425,baz
426,lux
427,lux
428,qux
429,baz
430,mux
431,baz
432,bar
433,duc
434,mux
435,bar
436,foo
437,mux
438,baz
439,foo
440,qux
441,duc
442,bar
443,duc
444,baz
445,baz
446,bar
447,lux
448,baz
449,bar
450,mux
451,baz
452,lux
453,mux
454,foo
455,duc
456,foo
457,baz
458,foo
459,lux
460,baz
461,lux
462,baz
463,bar
464,baz
465,baz
466,duc
467,foo
468,foo
469,foo
470,qux
471,bar
472,mux
473,lux
474,lux
475,lux
476,qux
477,bar
478,lux
479,duc
480,lux
481,bar
482,qux
483,foo
484,baz
485,lux
486,duc
487,lux
488,bar
489,baz
490,mux
491,lux
492,qux
493,lux
494,lux
495,bar
496,foo
497,foo
498,baz
499,lux
500,mux